Workbook

Sheet RAW_DATA
A1: Order ID | B1: Order Date | C1: Salesperson | D1: Customer | E1: Customer Type | F1: Region | G1: Product | H1: Category | I1: Quantity | J1: Unit Price | K1: Payment Status | L1: Delivery Status
A2: ORD0001 | B2: 46221 | C2: Thabo | D2: ABC Primary | E2: School | F2: Gauteng | G2: Soya 5kg | H2: Food | I2: 19 | J2: 260 | K2: Paid | L2: Pending
A3: ORD0002 | B3: 46231 | C3: Lerato | D3: ABC Primary | E3: School | F3: Gauteng | G3: Maize Meal 10kg | H3: Food | I3: 41 | J3: 175 | K3: Paid | L3: Completed
A4: ORD0003 | B4: 46279 | C4: Naledi | D4: Green Valley School | E4: School | F4: North West | G4: Stock Cubes 30-pack | H4: Grocery | I4: 28 | J4: 26 | K4: Pending | L4: Completed
A5: ORD0004 | B5: 46223 | C5: Lerato | D5: Mpho Clinic | E5: Clinic | F5: Gauteng | G5: Stock Cubes 30-pack | H5: Grocery | I5: 29 | J5: 26 | K5: Pending | L5: Completed
A6: ORD0005 | B6: 46248 | C6: Naledi | D6: ABC Primary | E6: School | F6: Gauteng | G6: Cooking Oil | H6: Grocery | I6: 8 | J6: 210 | K6: Pending | L6: Pending
A7: ORD0006 | B7: 46284 | C7: Naledi | D7: Sunrise Clinic | E7: Clinic | F7: Gauteng | G7: Soya 5kg | H7: Food | I7: 54 | J7: 260 | K7: Paid | L7: Pending
A8: ORD0007 | B8: 46214 | C8: Lerato | D8: Tsoseletso HS | E8: School | F8: Free State | G8: Stock Cubes 30-pack | H8: Grocery | I8: 16 | J8: 26 | K8: Pending | L8: Completed
A9: ORD0008 | B9: 46249 | C9: Lerato | D9: Motheo Primary | E9: School | F9: Free State | G9: Stock Cubes 30-pack | H9: Grocery | I9: 25 | J9: 26 | K9: Paid | L9: Pending
A10: ORD0009 | B10: 46235 | C10: Lerato | D10: ABC Primary | E10: School | F10: Gauteng | G10: Maize Meal 10kg | H10: Food | I10: 12 | J10: 175 | K10: Paid | L10: Completed
A11: ORD0010 | B11: 46211 | C11: Lerato | D11: Sunrise Clinic | E11: Clinic | F11: Gauteng | G11: Rice 10kg | H11: Food | I11: 22 | J11: 185 | K11: Pending | L11: Pending
A12: ORD0011 | B12: 46276 | C12: Naledi | D12: Thaba Community Centre | E12: NGO | F12: Gauteng | G12: Beans 5kg | H12: Food | I12: 6 | J12: 145 | K12: Paid | L12: Completed
A13: ORD0012 | B13: 46275 | C13: Naledi | D13: Motheo Primary | E13: School | F13: Free State | G13: Rice 10kg | H13: Food | I13: 18 | J13: 185 | K13: Pending | L13: Completed
... A501: ORD0500 | B501: 46279 | C501: Lerato | D501: Naledi Youth Centre | E501: NGO | F501: North West | G501: Soya 5kg | H501: Food | I501: 30 | J501: 260 | K501: Pending | L501: Completed

Sheet ORDER_DATA
A1: Order Data Processing & Management Reporting
A2: Order ID | B2: Order Date | C2: Salesperson | D2: Customer | E2: Customer Type | F2: Region | G2: Product | H2: Category | I2: Quantity | J2: Unit Price | K2: Payment Status | L2: Delivery Status | M2: Order Value
A3: ORD0001 | B3: 46221 | C3: Thabo | D3: ABC Primary | E3: School | F3: Gauteng | G3: Soya 5kg | H3: Food | I3: 19 | J3: 260 | K3: Paid | L3: Pending | M3: =I3*J3 -> 4940
A4: ORD0002 | B4: 46231 | C4: Lerato | D4: ABC Primary | E4: School | F4: Gauteng | G4: Maize Meal 10kg | H4: Food | I4: 41 | J4: 175 | K4: Paid | L4: Completed | M4: =I4*J4 -> 7175
A5: ORD0003 | B5: 46279 | C5: Naledi | D5: Green Valley School | E5: School | F5: North West | G5: Stock Cubes 30-pack | H5: Grocery | I5: 28 | J5: 26 | K5: Pending | L5: Completed | M5: =I5*J5 -> 728
A6: ORD0004 | B6: 46223 | C6: Lerato | D6: Mpho Clinic | E6: Clinic | F6: Gauteng | G6: Stock Cubes 30-pack | H6: Grocery | I6: 29 | J6: 26 | K6: Pending | L6: Completed | M6: =I6*J6 -> 754
A7: ORD0005 | B7: 46248 | C7: Naledi | D7: ABC Primary | E7: School | F7: Gauteng | G7: Cooking Oil | H7: Grocery | I7: 8 | J7: 210 | K7: Pending | L7: Pending | M7: =I7*J7 -> 1680
A8: ORD0006 | B8: 46284 | C8: Naledi | D8: Sunrise Clinic | E8: Clinic | F8: Gauteng | G8: Soya 5kg | H8: Food | I8: 54 | J8: 260 | K8: Paid | L8: Pending | M8: =I8*J8 -> 14040
A9: ORD0007 | B9: 46214 | C9: Lerato | D9: Tsoseletso HS | E9: School | F9: Free State | G9: Stock Cubes 30-pack | H9: Grocery | I9: 16 | J9: 26 | K9: Pending | L9: Completed | M9: =I9*J9 -> 416
A10: ORD0008 | B10: 46249 | C10: Lerato | D10: Motheo Primary | E10: School | F10: Free State | G10: Stock Cubes 30-pack | H10: Grocery | I10: 25 | J10: 26 | K10: Paid | L10: Pending | M10: =I10*J10 -> 650
A11: ORD0009 | B11: 46235 | C11: Lerato | D11: ABC Primary | E11: School | F11: Gauteng | G11: Maize Meal 10kg | H11: Food | I11: 12 | J11: 175 | K11: Paid | L11: Completed | M11: =I11*J11 -> 2100
A12: ORD0010 | B12: 46211 | C12: Lerato | D12: Sunrise Clinic | E12: Clinic | F12: Gauteng | G12: Rice 10kg | H12: Food | I12: 22 | J12: 185 | K12: Pending | L12: Pending | M12: =I12*J12 -> 4070
A13: ORD0011 | B13: 46276 | C13: Naledi | D13: Thaba Community Centre | E13: NGO | F13: Gauteng | G13: Beans 5kg | H13: Food | I13: 6 | J13: 145 | K13: Paid | L13: Completed | M13: =I13*J13 -> 870
A14: ORD0012 | B14: 46275 | C14: Naledi | D14: Motheo Primary | E14: School | F14: Free State | G14: Rice 10kg | H14: Food | I14: 18 | J14: 185 | K14: Pending | L14: Completed | M14: =I14*J14 -> 3330
... A502: ORD0500 | B502: 46279 | C502: Lerato | D502: Naledi Youth Centre | E502: NGO | F502: North West | G502: Soya 5kg | H502: Food | I502: 30 | J502: 260 | K502: Pending | L502: Completed | M502: =I502*J502 -> 7800

Sheet QUALITY_CONTROL
A1: DOCUMENTED ISSUES FOUND IN THE DATA SET
A2: Location | B2: Issue Found | C2: Number of Affected Rows | D2: Action Taken | E2: Status of Investigation
A3: Quantity | B3: Duplication | C3: 422 | D3: Investigation Underway | E3: Pending
A4: Unit Price | B4: Duplication | C4: 500 | D4: Investigation Underway | E4: Pending
A5: Payment Status | B5: Non payment | C5: 139 | D5: Investigation Underway | E5: Pending
A6: Delivery Status | B6: Not delivered | C6: 108 | D6: Investigation Underway | E6: Pending
A7: Delivery Status | B7: Delayed | C7: 43 | D7: Investigation Underway | E7: Pending
A8: Order value | B8: Duplication | C8: 450 | D8: Investigation Underway | E8: Pending

Sheet ORDER_ANALYSIS
A1: SUMMARIZATION OF DATA
A2: Overall Data Numbers
A3: Total Number of Orders | B3: 500
A4: Total Units Ordered | B4: =SUM(ORDER_DATA!I3:I502) -> 10880
A5: Total Order Value | B5: =SUM(ORDER_DATA!M3:M502) -> 1845821
A6: Average Order Value | B6: =AVERAGE(ORDER_DATA!M3:M502) -> 3691.642
A7: Largest Order Value | B7: =MAX(ORDER_DATA!M3:M502) -> 18980
A8: Smallest Order Value | B8: =MIN(ORDER_DATA!M3:M502) -> 52
A10: Order Status
A11: Number Of Pending Payments | B11: 139
A12: Number Of paid Orders | B12: 361
A13: Number Of Pending Deliveries | B13: 108
A14: Number Of Completed Deliveries | B14: 349
A15: Number Of Delayed Deliveries | B15: 43
A17: Data Set Questions
A18: Which individual order has the highest value? | B18: Order Id | C18: Order Date | D18: Sales Person | E18: Customer | F18: Customer Type | G18: Region | H18: Product | I18: Category | J18: Quantity | K18: Unit Price | L18: Payment Status | M18: Delivery Status | N18: Order Value
B19: ORD0032 | C19: 46265 | D19: Lerato | E19: Sunrise Clinic | F19: Clinic | G19: Gauteng | H19: Soya 5kg | I19: Food | J19: 73 | K19: 260 | L19: Paid | M19: Completed | N19: =J19*K19 -> 18980
A20: Which customer has the largest individual order?
A21: Sunrise Clinic
A22: Which product appears most frequently in the order data?
A23: Cooking oil
A24: Soya 5kg
A25: Which region has the most orders?
A26: Gauteng

Sheet MANAGEMENT_REPORT
A1: MANAGEMENT IMPORTANT NUMBERS
A3: Overall Data Numbers
A4: Total Number of Orders | B4: 500
A5: Total Units Ordered | B5: =SUM(ORDER_DATA!I4:I503) -> 10861
A6: Total Order Value | B6: =SUM(ORDER_DATA!M4:M503) -> 1840881
A7: Average Order Value | B7: =AVERAGE(ORDER_DATA!M4:M503) -> 3689.1403
A8: Largest Order Value | B8: =MAX(ORDER_DATA!M4:M503) -> 18980
A9: Smallest Order Value | B9: =MIN(ORDER_DATA!M4:M503) -> 52
A11: Order Status
A12: Number Of Pending Payments | B12: 139
A13: Number Of paid Orders | B13: 361
A14: Number Of Pending Deliveries | B14: 108
A15: Number Of Completed Deliveries | B15: 349
A16: Number Of Delayed Deliveries | B16: 43
A18: Key Transaction | B18: Order Id | C18: Order Date | D18: Sales Person | E18: Customer | F18: Customer Type | G18: Region | H18: Product | I18: Category | J18: Quantity | K18: Unit Price | L18: Payment Status | M18: Delivery Status | N18: Order Value
B19: ORD0032 | C19: 46265 | D19: Lerato | E19: Sunrise Clinic | F19: Clinic | G19: Gauteng | H19: Soya 5kg | I19: Food | J19: 73 | K19: 260 | L19: Paid | M19: Completed | N19: =J19*K19 -> 18980

Sheet CHARTS
